{
    "k": 1.38064852e-23,
    "m_1_12_C12": 1.660539040e-27
}